Workbook

Sheet Kế hoạch chi tiết
A1: STT | B1: Nội dung | C1: Tuần | D1: Đầu việc | E1: Đầu ra | F1: Bắt đầu | G1: Deadline | H1: Trạng thái | I1: Ghi chú | J1: Đề xuất kết hợp với Claude | K1: Giờ ước tính
A2: ND1 · Tìm hiểu tổng quan về bài toán — Tuần 1–3 (07/09/2026 → 27/09/2026)
A3: 1 | B3: ND1 | C3: Tuần 1 | D3: Tìm hiểu các khía cạnh của AI Security; xác định vị trí của tấn công tiêm nhiễm gián tiếp (IPI) trong bức tranh chung | E3: Ghi chú khảo sát + mục 2.1 báo cáo | F3: 07/09/2026 | G3: 13/09/2026 | H3: Xong | J3: Claude lập bản đồ khái niệm AI Security làm danh mục kiểm; TA rà phần đã viết còn thiếu nhánh nào. | K3: 6
A4: 2 | B4: ND1 | C4: Tuần 1 | D4: Tìm hiểu cơ chế hoạt động của AI Agent dùng RAG và MCP tool-calling; vẽ con đường nội dung không tin cậy đi vào cửa sổ ngữ cảnh | E4: Sơ đồ luồng dữ liệu + ghi chú | F4: 07/09/2026 | G4: 13/09/2026 | H4: Xong | J4: Claude vẽ sơ đồ luồng dữ liệu (Mermaid) từ mô tả bằng lời; TA đối chiếu với tài liệu MCP gốc. | K4: 6
A5: 3 | B5: ND1 | C5: Tuần 2 | D5: Xây dựng mô hình đe dọa 2 mức: 3 tài sản cần bảo vệ TS1–TS3, 3 mục tiêu tấn công G1–G3; định nghĩa giả định về năng lực kẻ tấn công | E5: docs/01. Đề bài/01. Mô tả bài toán.md | F5: 14/09/2026 | G5: 20/09/2026 | H5: Xong | J5: Claude đóng vai phản biện, soi threat model: chỗ nào TS1–TS3 chưa phủ, giả định nào quá mạnh. | K5: 8
A6: 4 | B6: ND1 | C6: Tuần 2 | D6: Xây dựng taxonomy kênh nội dung không tin cậy K1–K5; chốt 2 kênh đưa vào phạm vi thực nghiệm (K1 tài liệu RAG, K2 tool description/tool output) | E6: Mục taxonomy trong MO_TA_BAI_TOAN.md | F6: 14/09/2026 | G6: 20/09/2026 | H6: Xong | J6: Claude soát tính đầy đủ và tách bạch của taxonomy K1–K5. | K6: 6
A7: 5 | B7: ND1 | C7: Tuần 2 | D7: Khảo sát bộ đo và công trình liên quan (AgentDojo, AutoDojo, MCPTox, InjecAgent, AgentDyn, MCP-Poison-Bench); bằng chứng chạy thật đã có, còn hoàn thiện FIT_GAP.md | E7: docs/03. Khảo sát/evidence/ + docs/03. Khảo sát/FIT_GAP.md | F7: 14/09/2026 | G7: 20/09/2026 | H7: Xong | I7: QUY TẮC CỨNG #2: không nhận xét benchmark nếu chưa chạy thật. Bằng chứng đã lưu ở docs/03. Khảo sát/evidence/ | J7: Claude tóm tắt paper theo bảng tiêu chí cố định; nhận xét benchmark phải tự chạy (quy tắc #2). | K7: 6
A8: 6 | B8: ND1 | C8: Tuần 3 | D8: Chốt phạm vi đồ án, 6 câu hỏi nghiên cứu RQ1–RQ6, persona người dùng và checklist ký với GVHD | E8: Mục phạm vi + RQ trong Y_TUONG_DU_AN.md | F8: 21/09/2026 | G8: 27/09/2026 | H8: Xong | I8: CỔNG M0 | J8: Claude đóng vai hội đồng đặt câu hỏi khó về phạm vi và 6 RQ để vá lỗ hổng trước khi chốt. | K8: 6
A9: 7 | B9: ND1 | C9: Tuần 3 | D9: Soạn phụ lục điều chỉnh phạm vi trình GVHD ký: đổi bộ model, mở 5→8 kỹ thuật tấn công, thêm Bước 10 harness thương mại, ngân sách phân tầng | E9: Phụ lục điều chỉnh (in ra, có chữ ký) | F9: 21/09/2026 | G9: 27/09/2026 | H9: Xong | I9: Chưa ký thì chạy theo phạm vi cũ, không tự đổi model | J9: Claude soạn nháp phụ lục theo thể thức; TA rà nội dung và ký, ghi rõ có AI hỗ trợ soạn. | K9: 4
A10: 8 | B10: ND1 | C10: Tuần 3 | D10: Đồng bộ CLAUDE.md, Y_TUONG_DU_AN.md và Kế hoạch thực hiện với phiếu giao nhiệm vụ đã ký (khung 6 Nội dung / 17 tuần, hạn 08/01/2027) | E10: CLAUDE.md + Y_TUONG_DU_AN.md | F10: 21/09/2026 | G10: 27/09/2026 | H10: Xong | I10: Ghi một mục vào CHANGELOG_TAI_LIEU.md | J10: Claude đọc chéo CLAUDE.md, Y_TUONG_DU_AN.md, Kế hoạch thực hiện và liệt kê mọi chỗ mâu thuẫn. | K10: 3
A11: 9 | B11: ND1 | C11: Tuần 3 | D11: Viết báo cáo: chương 1 đặt vấn đề, tính cấp thiết, mục tiêu, 6 câu hỏi nghiên cứu, đóng góp, bố cục | E11: Nháp chương 1 | F11: 21/09/2026 | G11: 27/09/2026 | H11: Xong | I11: P1 — viết dần 2h/tuần, không dồn cuối | J11: Claude chuyển ý gạch đầu dòng thành đoạn văn khoa học (Phụ lục A); TA tự kiểm mọi trích dẫn. | K11: 8
A12: ND2 · Tìm hiểu tổng quan về công nghệ liên quan — Tuần 4–5 (28/09/2026 → 11/10/2026)
A13: 10 | B13: ND2 | C13: Tuần 4 | D13: MCP Python SDK: lấy danh sách công cụ động qua stdio và HTTP, cơ chế tool-calling; dựng PoC tối giản 1 tool | E13: PoC mcp_poc/ + ghi chú | F13: 28/09/2026 | G13: 04/10/2026 | H13: Đã cắt | I13: Gộp vào ghi chú tìm hiểu ở STT 16 và dựng thẳng ở STT 26, 28 | J13: Đã cắt khỏi kế hoạch. | K13: 0
A14: 11 | B14: ND2 | C14: Tuần 4 | D14: Kỹ thuật RAG: embedding, vector store, truy hồi top-k, xử lý tài liệu PDF/DOCX/Markdown; PoC truy hồi trên kho 40 tài liệu | E14: PoC rag_poc/ + kho tri thức nháp | F14: 28/09/2026 | G14: 04/10/2026 | H14: Đã cắt | I14: Gộp vào ghi chú tìm hiểu ở STT 16 và dựng thẳng ở ingest/retriever của lõi agent | J14: Đã cắt khỏi kế hoạch. | K14: 0
A15: 12 | B15: ND2 | C15: Tuần 4 | D15: Khảo sát 4 nhóm kỹ thuật phòng thủ: lọc đầu vào, spotlighting, kiểm soát chính sách gọi công cụ, lọc dữ liệu đầu ra | E15: Ghi chú + mục 2.4 báo cáo | F15: 28/09/2026 | G15: 04/10/2026 | H15: Xong | I15: Đầu vào trực tiếp cho thiết kế D1–D4 ở ND3 | J15: Claude lập bảng đối chiếu 4 nhóm phòng thủ: cơ chế · vị trí cắm · điểm mù · chi phí. | K15: 5
A16: 13 | B16: ND2 | C16: Tuần 5 | D16: Công nghệ nền của hệ đo: FastAPI, SQLModel/SQLite, MailHog, Streamlit, Docker Compose, pytest; dựng khung dự án quản lý bằng uv | E16: ipi-agent-lab/ khung dự án chạy được | F16: 05/10/2026 | G16: 11/10/2026 | H16: Xong | I16: uv sync --all-groups; ruff line-length 100, py310 | J16: Claude dựng khung repo (uv, ruff, pytest, docker-compose, layout) trong một lượt. | K16: 6
J17: Claude soạn khối targets trong models.yaml và .env.example; không đụng .env thật. | K17: 3
J18: Claude dựng bảng tính chi phí theo công thức; TA tra đơn giá thật trên dashboard. | K18: 3
A19: 16 | B19: ND2 | C19: Tuần 5 | D19: Viết báo cáo: chương 2 cơ sở lý thuyết (MCP, RAG, cơ chế IPI) và phân tích công trình liên quan | E19: Nháp chương 2 | F19: 05/10/2026 | G19: 11/10/2026 | H19: Chưa bắt đầu | I19: P1 | J19: Claude chuyển ghi chú kỹ thuật thành chương 2; TA kiểm lại từng trích dẫn. | K19: 8
A20: ND3 · Phân tích thiết kế — Tuần 6–8 (12/10/2026 → 01/11/2026)
A21: 17 | B21: ND3 | C21: Tuần 6 | D21: Thiết kế kiến trúc testbed 5 tầng: lõi agent · tầng công cụ MCP · kho tri thức · tầng phòng thủ · tầng đo lường; định nghĩa điểm móc (hook) để cắm phòng thủ | E21: Hình kiến trúc + đặc tả interface | F21: 12/10/2026 | G21: 18/10/2026 | H21: Xong | I21: config/ là hợp đồng, viết trước src/ | J21: Claude đề xuất 2–3 phương án kiến trúc kèm đánh đổi để TA chọn, rồi viết đặc tả và hình. | K21: 8
A22: 18 | B22: ND3 | C22: Tuần 6 | D22: Thiết kế bộ đo: 60 câu hỏi lành tính nhóm U1–U5, 6 tác vụ chở CT-01–CT-06, tiêu chí thành công kiểm được bằng chương trình dựa trên canary | E22: data/benign_queries.json + data/carrier_tasks.json | F22: 12/10/2026 | G22: 18/10/2026 | H22: Xong | I22: QUY TẮC CỨNG #1: không sửa/khóa theo quy tắc cứng #1 | J22: Đã khóa — chỉ dùng Claude kiểm tính nhất quán, không cho sửa file. | K22: 10
A23: 19 | B23: ND3 | C23: Tuần 6 | D23: Thiết kế lược đồ lưu vết chạy, bắt buộc có trường blocked_by ∈ {defense, model_refusal, harness} để tách phòng thủ với model tự từ chối | E23: Đặc tả trace schema | F23: 12/10/2026 | G23: 18/10/2026 | H23: Xong | I23: QUY TẮC CỨNG #8 | J23: Claude sinh lược đồ SQLModel và viết test khẳng định blocked_by là trường bắt buộc. | K23: 3
A24: 20 | B24: ND3 | C24: Tuần 7 | D24: Đặc tả 8 kỹ thuật tấn công T1–T8 (5 kỹ thuật từ khảo sát + 3 kỹ thuật tự đề xuất) và 4 cơ chế phòng thủ D1–D4 | E24: Đặc tả kỹ thuật tấn công + phòng thủ | F24: 19/10/2026 | G24: 25/10/2026 | H24: Xong (đặc tả) | I24: Đặc tả T1–T8 + D1–D4 xong (payload_taxonomy.md, defense_spec.md). Phần code: validator schema.py + 17 payload mẫu (đủ 8 kỹ thuật) + worksheet + hướng dẫn, validate 20 test xanh. CÒN: GVHD rà câu chữ payload; tập payload đầy đủ + pilot defense=OFF (chặn bởi lõi agent STT-26) + gán nhãn kép κ≥0,80 + khóa v-attack-1.0. | J24: Claude viết đặc tả T1–T8, D1–D4 theo một mẫu thống nhất; TA chốt ranh giới để không trùng. | K24: 8
A25: 21 | B25: ND3 | C25: Tuần 7 | D25: Lập ma trận dự đoán kỹ thuật × phòng thủ, GHI TRƯỚC khi chạy thực nghiệm để tránh diễn giải hậu nghiệm | E25: Bảng dự đoán (chốt ngày, không sửa sau) | F25: 19/10/2026 | G25: 25/10/2026 | H25: Chưa bắt đầu | J25: TA điền dự đoán trước, rồi hỏi Claude dự đoán độc lập; so hai bản để lộ giả định chưa kiểm. | K25: 4
A26: 22 | B26: ND3 | C26: Tuần 7 | D26: Thiết kế cơ sở dữ liệu khách hàng mô phỏng customers.db: lược đồ bảng, sinh bằng Faker vi_VN với seed cố định | E26: Lược đồ + script sinh dữ liệu | F26: 19/10/2026 | G26: 25/10/2026 | H26: Chưa bắt đầu | I26: QUY TẮC CỨNG #6: tuyệt đối không dùng dữ liệu khách hàng thật | J26: Claude viết script Faker vi_VN seed cố định; nhắc ràng buộc không dùng dữ liệu thật. | K26: 4
A27: 23 | B27: ND3 | C27: Tuần 8 | D27: Thiết kế giao diện dashboard 4 trang: bảng ASR · biểu đồ đánh đổi · trace viewer · công tắc phòng thủ trực tiếp | E27: Wireframe + đặc tả trang | F27: 26/10/2026 | G27: 01/11/2026 | H27: Đã cắt | I27: Bỏ wireframe, dựng thẳng dashboard ở STT 58 | J27: Đã cắt khỏi kế hoạch. | K27: 0
A28: 24 | B28: ND3 | C28: Tuần 8 | D28: Thiết kế giao thức thực nghiệm: bảng biến, cỡ mẫu, tham số cố định, quy trình hiệu chỉnh độ khó, quy tắc dừng và cắt giảm khi hụt giờ | E28: config/experiment.yaml (khung) + giao thức | F28: 26/10/2026 | G28: 01/11/2026 | H28: Chưa bắt đầu | I28: Ghi trước, không chỉnh sau khi đã thấy kết quả | J28: Claude rà giao thức thực nghiệm tìm biến gây nhiễu và chỗ dễ diễn giải hậu nghiệm. | K28: 5
A29: 97 | B29: ND3 | C29: Tuần 8 | D29: Soạn đặc tả chỉ số đo: công thức ASR đầu-cuối, ASR có điều kiện, khoảng tin cậy Wilson 95%, DSR, USR, FRR, TCP, refusal_rate; ví dụ tính tay từng chỉ số; định nghĩa cổng kiểm chứng bộ chấm (8 ca thử ở STT 36) | E29: docs/04. Design/03. Chỉ số đo.md | F29: 26/10/2026 | G29: 01/11/2026 | H29: Chưa bắt đầu | I29: Làm trước STT 36 (cổng kiểm chứng bộ chấm) và STT 67 (hiện thực metrics.py). STT 97 là số cấp thêm sau khi đã đánh số 1–96, đặt ở đây theo thứ tự thời gian; không đánh số lại để giữ nguyên mã commit. | J29: Claude soạn công thức và ví dụ tính tay từ định nghĩa ở Mô tả bài toán; TA đối chiếu từng công thức với biến đo đã chốt. | K29: 3
A30: 25 | B30: ND3 | C30: Tuần 8 | D30: Viết báo cáo: chương 3 phần mô hình đe dọa, taxonomy và thiết kế bộ đo | E30: Nháp chương 3 (phần 1) | F30: 26/10/2026 | G30: 01/11/2026 | H30: Chưa bắt đầu | I30: P1 | J30: Claude ráp ghi chú rời thành chương 3 phần 1; TA viết lại phần luận cứ. | K30: 6
A31: ND4 · Xây dựng chương trình — Tuần 9–12 (02/11/2026 → 29/11/2026)
A32: 26 | B32: ND4 | C32: Tuần 9 | D32: Lõi agent: vòng lặp gọi LLM → thực thi tool_calls → đưa kết quả vào messages → lặp (tối đa 8 vòng), có hook trước/sau mỗi bước để cắm phòng thủ | E32: src/agent/core.py | F32: 02/11/2026 | G32: 08/11/2026 | H32: Chưa bắt đầu | J32: Claude sinh khung vòng lặp agent và vị trí hook, viết test trước; TA kiểm logic dừng và lỗi. | K32: 4
A33: 27 | B33: ND4 | C33: Tuần 9 | D33: Tool registry: 5 tool schema chuẩn function-calling, tách description ra nguồn thay được (để injector K2a tiêm sau), gắn nhãn rủi ro read/write/external | E33: src/tools/registry.py | F33: 02/11/2026 | G33: 08/11/2026 | H33: Chưa bắt đầu | J33: Claude sinh 5 schema tool và nhãn rủi ro trong một lượt từ bảng đặc tả. | K33: 2
A34: 28 | B34: ND4 | C34: Tuần 9 | D34: MCP server: phơi 5 công cụ qua stdio + HTTP bằng MCP Python SDK, agent lấy danh sách công cụ ĐỘNG | E34: src/tools/mcp_server.py | F34: 02/11/2026 | G34: 08/11/2026 | H34: Chưa bắt đầu | I34: Nền tảng cho cả tấn công K2a và cắm harness ở ND6 | J34: Claude viết MCP server theo SDK (Context7 lấy đúng API); test bằng client thật. | K34: 4
A35: 29 | B35: ND4 | C35: Tuần 9 | D35: Công cụ send_email + MailHog: gửi SMTP tới MailHog, đọc lại hộp thư qua API, clear_mailbox() trước mỗi run | E35: src/tools/send_email.py | F35: 02/11/2026 | G35: 08/11/2026 | H35: Chưa bắt đầu | J35: Claude sinh code gửi SMTP + đọc MailHog + clear_mailbox — hạ tầng, rủi ro thấp. | K35: 2
A36: 30 | B36: ND4 | C36: Tuần 9 | D36: Ba công cụ còn lại: http_request (ghi URL + body vào trace), query_customer_db (≤20 bản ghi), create_ticket; mọi tham số ghi vào trace | E36: src/tools/*.py | F36: 02/11/2026 | G36: 08/11/2026 | H36: Chưa bắt đầu | J36: Claude sinh cả ba tool đồng dạng cùng lúc theo một mẫu, ghi trace đầy đủ tham số. | K36: 3
A37: 31 | B37: ND4 | C37: Tuần 9 | D37: System prompt trợ lý nội bộ mô tả 5 công cụ, có placeholder canary; bản mặc định KHÔNG phòng thủ (baseline dễ tổn thương có chủ đích) | E37: src/agent/prompts.py | F37: 02/11/2026 | G37: 08/11/2026 | H37: Chưa bắt đầu | I37: Tham số 'độ cả tin' tách ra config để hiệu chỉnh ở ND5 | J37: Claude soạn nhiều biến thể system prompt theo mức độ cả tin để TA chọn baseline. | K37: 3
A38: 32 | B38: ND4 | C38: Tuần 10 | D38: Trace store: hiện thực SQLModel theo lược đồ đã thiết kế + context manager TraceRecorder + export_runs(filters) → DataFrame | E38: src/obs/trace.py + test | F38: 09/11/2026 | G38: 15/11/2026 | H38: Chưa bắt đầu | J38: Claude sinh SQLModel + TraceRecorder + export_runs và pytest; kiểm bằng test. | K38: 3
A39: 33 | B39: ND4 | C39: Tuần 10 | D39: Canary generator: sinh mã canary theo run, gieo 3 nơi (system prompt · customers.db · URL listener), dọn sau mỗi run | E39: src/eval/canary.py | F39: 09/11/2026 | G39: 15/11/2026 | H39: Chưa bắt đầu | J39: Claude viết bộ sinh/dọn canary và liệt kê các đường rò có thể bỏ sót. | K39: 2
A40: 34 | B40: ND4 | C40: Tuần 10 | D40: Canary listener: FastAPI bắt mọi path /{token}, ghi SQLite (thời điểm/token/IP/URL/headers/body), endpoint /hits | E40: src/obs/canary_listener.py | F40: 09/11/2026 | G40: 15/11/2026 | H40: Chưa bắt đầu | J40: Claude sinh FastAPI listener và lược đồ SQLite trong một lượt. | K40: 2
A41: 35 | B41: ND4 | C41: Tuần 10 | D41: Bộ chấm điểm tất định: dò canary tại 4 điểm (câu trả lời / mail / listener / tham số tool) kể cả biến thể base64-hex; G2 so tool-call thực tế với allowed_actions; G3 chấm 0–2; phân định blocked_by | E41: src/eval/scorer.py | F41: 09/11/2026 | G41: 15/11/2026 | H41: Chưa bắt đầu | J41: TA định nghĩa tiêu chí chấm, Claude hiện thực hàm dò và viết test; không để Claude tự quyết tiêu chí. | K41: 4
A42: 36 | B42: ND4 | C42: Tuần 10 | D42: KIỂM CHỨNG BỘ CHẤM (cổng bắt buộc): dựng 8 ca thử thủ công, chạy scorer khẳng định đúng 8/8, viết pytest | E42: tests/test_scorer.py | F42: 09/11/2026 | G42: 15/11/2026 | H42: Chưa bắt đầu | I42: QUY TẮC CỨNG #5: sai 1 ca là chưa đạt, KHÔNG được đi tiếp | J42: CỔNG — TA tự viết 8 ca thử và đáp án kỳ vọng; Claude chỉ hiện thực pytest. | K42: 4
A43: 37 | B43: ND4 | C43: Tuần 10 | D43: Chạy USR nền: 60 câu lành tính × 3 model × 3 lần, phòng thủ TẮT; soát tay 5 câu để kiểm bộ chấm hữu dụng | E43: results/tables/utility_baseline.csv | F43: 09/11/2026 | G43: 15/11/2026 | H43: Chưa bắt đầu | I43: Mọi số hữu dụng về sau so với mốc này | J43: Claude viết script chạy lô và tổng hợp CSV; TA soát tay 5 câu chấm sai. | K43: 2
A44: 38 | B44: ND4 | C44: Tuần 11 | D44: Adapter AgentDojo: đọc format injection task, trích payload/kỹ thuật/mục tiêu/tác vụ chở, đổ vào lược đồ riêng, điền source và đánh dấu payload bị coupling ngữ nghĩa | E44: src/attack/adapters/agentdojo.py | F44: 16/11/2026 | G44: 22/11/2026 | H44: Chưa bắt đầu | I44: Yêu cầu: ≥100 payload có nguồn gốc + cờ coupling | J44: Claude viết adapter chuyển đổi dữ liệu benchmark; kiểm bằng số bản ghi trích được. | K44: 3
A45: 39 | B45: ND4 | C45: Tuần 11 | D45: Adapter MCPTox: trích mẫu tool poisoning, đổ vào lược đồ với source=mcptox:<id> | E45: src/attack/adapters/mcptox.py | F45: 16/11/2026 | G45: 22/11/2026 | H45: Chưa bắt đầu | I45: QUY TẮC CỨNG #7: chỉ chạy chế độ mô phỏng. Yêu cầu ≥50 payload K2a | J45: Tương tự adapter trên; nhắc điền đúng source.license, chỉ chế độ mô phỏng. | K45: 3
A46: 40 | B46: ND4 | C46: Tuần 11 | D46: Bản địa hóa payload: dịch sang tiếng Việt GIỮ NGUYÊN kỹ thuật thao túng, thay bối cảnh Âu-Mỹ bằng công ty phân phối thiết bị, giữ song ngữ vi/en để đo ảnh hưởng ngôn ngữ | E46: src/attack/payloads/*.yaml | F46: 16/11/2026 | G46: 22/11/2026 | H46: Chưa bắt đầu | I46: Dẫn đúng điều khoản giấy phép qua trường source.license | J46: Claude hỗ trợ bản địa hóa sang tiếng Việt; TA soát mẫu để chắc chất lượng không bị làm nhẹ. | K46: 4
A47: 41 | B47: ND4 | C47: Tuần 11 | D47: Mở rộng sang kênh K2: chuyển payload K1 sang K2a/K2b, chỉnh độ dài và định dạng cho vừa trường description/JSON | E47: src/attack/payloads/ (2 kênh) | F47: 16/11/2026 | G47: 22/11/2026 | H47: Chưa bắt đầu | I47: Yêu cầu: ≥80% kỹ thuật có mặt ở cả 2 kênh | J47: Claude chuyển dữ liệu sang định dạng kênh K2 và xuất bảng phủ để kiểm chỉ tiêu. | K47: 2
A48: 42 | B48: ND4 | C48: Tuần 11 | D48: Kỹ thuật T5 và bộ tạo tài liệu ẩn payload: PDF chữ trắng 1pt, biến thể HTML comment / alt-text / metadata / footer; kiểm bằng pdftotext | E48: scripts/make_hidden_pdf.py + t5_formatting.yaml | F48: 16/11/2026 | G48: 22/11/2026 | H48: Chưa bắt đầu | J48: Claude viết script reportlab tạo file test và biến thể; TA kiểm bằng công cụ trích văn bản. | K48: 2
A49: 43 | B49: ND4 | C49: Tuần 11 | D49: Mutator + activation_check: biến đổi theo luật và bằng model; mỗi payload khai tiêu chí kiểm được bằng máy, không thỏa thì loại tự động; lọc trùng theo embedding | E49: src/attack/mutator.py | F49: 16/11/2026 | G49: 22/11/2026 | H49: Chưa bắt đầu | J49: Claude viết bộ biến đổi theo luật và hàm activation_check tự loại mẫu không đạt. | K49: 3
A50: 44 | B50: ND4 | C50: Tuần 11 | D50: Injector kênh K1: nhúng payload vào MD/DOCX/PDF, kiểm top-k rồi ghi delivered=true/false để tách 'không truy hồi được' với 'truy hồi được nhưng không sập bẫy' | E50: src/attack/injector_k1.py | F50: 16/11/2026 | G50: 22/11/2026 | H50: Chưa bắt đầu | I50: delivered=false phải loại khỏi mẫu ASR có điều kiện | J50: Claude viết injector K1 và logic ghi cờ delivered; TA kiểm phân biệt hai trường hợp. | K50: 3
A51: 45 | B51: ND4 | C51: Tuần 11 | D51: Injector kênh K2: K2a ghi đè description 1 tool trước khi lấy tool list; K2b chèn payload vào kết quả trả về; mô phỏng rug-pull | E51: src/attack/injector_k2.py | F51: 16/11/2026 | G51: 22/11/2026 | H51: Chưa bắt đầu | J51: Claude viết injector K2 (K2a/K2b) và mô phỏng rug-pull theo đặc tả. | K51: 3
A52: 46 | B52: ND4 | C52: Tuần 11 | D52: Bộ chạy ma trận thực nghiệm: đọc config/experiment.yaml sinh tích Descartes, có checkpoint và --resume, backoff khi rate-limit, dọn tài liệu và hộp thư trước mỗi run | E52: src/attack/runner.py | F52: 16/11/2026 | G52: 22/11/2026 | H52: Chưa bắt đầu | I52: Yêu cầu: ngắt giữa chừng rồi --resume không chạy lại phần đã xong | J52: Claude viết runner ma trận có checkpoint/--resume; kiểm bằng cách ngắt giữa chừng rồi chạy tiếp. | K52: 4
A53: 47 | B53: ND4 | C53: Tuần 12 | D53: Kỹ thuật T8 — che giấu đặc thù tiếng Việt: biến thể bỏ dấu, telex/VNI, đồng hình Unicode, trộn mã vi-en. Đánh trực diện D2 và các bộ dò huấn luyện trên tiếng Anh | E53: src/attack/payloads/t8_vietnamese.yaml | F53: 23/11/2026 | G53: 29/11/2026 | H53: Chưa bắt đầu | I53: ĐÓNG GÓP MỚI — biến luận cứ 'bối cảnh tiếng Việt' thành số liệu | J53: Claude sinh biến thể dữ liệu tiếng Việt (T8) và khai activation_check; TA soát mẫu. | K53: 4
A54: 48 | B54: ND4 | C54: Tuần 12 | D54: Kỹ thuật T6 — payload chia mảnh qua nhiều tài liệu: tách 1 payload thành ≥2 mảnh, chỉ độc khi retriever gom đủ chunk vào cùng ngữ cảnh | E54: src/attack/payloads/t6_split.yaml | F54: 23/11/2026 | G54: 29/11/2026 | H54: Chưa bắt đầu | I54: ĐÓNG GÓP MỚI — chỉ ra lỗ hổng kiến trúc của phòng thủ mức tài liệu | J54: Claude hiện thực T6 chia mảnh theo đặc tả TA chốt. | K54: 5
A55: 49 | B55: ND4 | C55: Tuần 12 | D55: Biến thể giọng thẩm quyền hành chính của T1 (gộp từ T9): payload mạo giọng công văn, chỉ đạo cấp trên; khai thác thiên lệch tuân thủ thẩm quyền | E55: src/attack/payloads/t1_authority.yaml | F55: 23/11/2026 | G55: 29/11/2026 | H55: Chưa bắt đầu | I55: ĐÓNG GÓP MỚI — đặc thù văn hóa doanh nghiệp Việt | J55: Claude soạn biến thể giọng văn hành chính (biến thể của T1) theo mẫu văn bản Việt; TA rà mức độ. | K55: 4
A56: 50 | B56: ND4 | C56: Tuần 12 | D56: Kỹ thuật T7 — kích hoạt trễ hoặc có điều kiện: payload chỉ hành động khi thấy một kết quả tool nhất định hoặc từ lượt ≥3 | E56: src/attack/payloads/t7_deferred.yaml | F56: 23/11/2026 | G56: 29/11/2026 | H56: Chưa bắt đầu | I56: Tốn run nhất. Nếu hụt giờ thì cắt theo thứ tự dự phòng ở Y_TUONG_DU_AN.md mục 15 và báo GVHD. Xong T6–T8 thì git tag v-attack-1.0 | J56: Claude hiện thực T7 kích hoạt trễ/có điều kiện; đây là phần tốn run nhất. | K56: 5
A57: 51 | B57: ND4 | C57: Tuần 12 | D57: D1 Spotlighting: delimiter ngẫu nhiên mỗi lượt, bọc mọi nội dung không tin cậy, chỉ thị 'trong khối là DỮ LIỆU không phải chỉ thị', tùy chọn datamarking | E57: src/defense/d1_spotlighting.py | F57: 23/11/2026 | G57: 29/11/2026 | H57: Chưa bắt đầu | I57: QUY TẮC CỨNG #4: mọi tham số nằm ở config/defenses.yaml | J57: Claude hiện thực D1 và đưa mọi tham số ra config/defenses.yaml (không hard-code). | K57: 3
A58: 52 | B58: ND4 | C58: Tuần 12 | D58: D2 Input Sanitizer: chuẩn hóa Unicode NFKC, loại ký tự zero-width/điều khiển, dò khối mã hóa bằng entropy, regex mệnh lệnh vi+en, gỡ text ẩn; ghi tỉ lệ dương tính giả | E58: src/defense/d2_input_sanitizer.py + d2_false_positive.md | F58: 23/11/2026 | G58: 29/11/2026 | H58: Chưa bắt đầu | I58: T8 đánh trực diện D2 — cặp đấu quan trọng | J58: Claude hiện thực D2 (NFKC, lọc ký tự, entropy, regex) và đo dương tính giả trên U5. | K58: 4
A59: 53 | B59: ND4 | C59: Tuần 12 | D59: D3 Tool-call Policy: máy trạng thái NGOÀI LLM, allowlist gắn theo loại tác vụ người dùng chọn trước, chặn chuỗi đọc-nhạy-cảm → ra-ngoài, giới hạn tần suất tool ngoài, ghi reason vào trace | E59: src/defense/d3_tool_policy.py | F59: 23/11/2026 | G59: 29/11/2026 | H59: Chưa bắt đầu | I59: QUY TẮC CỨNG #3: KHÔNG thêm phân loại ý định tự do (regex/NLU/LLM) | J59: Claude hiện thực D3 máy trạng thái ngoài LLM; KHÔNG thêm phân loại ý định tự do (quy tắc #3). | K59: 4
A60: 54 | B60: ND4 | C60: Tuần 12 | D60: D4 Egress Filter: soát tham số send_email và http_request, khớp canary + PII, allowlist tên miền và người nhận, chặn URL chứa chuỗi mã hóa dài | E60: src/defense/d4_egress_filter.py | F60: 23/11/2026 | G60: 29/11/2026 | H60: Chưa bắt đầu | J60: Claude hiện thực D4 lọc egress theo canary + PII + allowlist tên miền. | K60: 2
A61: 55 | B61: ND4 | C61: Tuần 12 | D61: Pipeline phòng thủ: đọc defenses.yaml, cắm từng cơ chế vào đúng hook của lõi agent, hỗ trợ mọi tổ hợp bật/tắt, ghi cấu hình đang bật vào trace | E61: src/defense/pipeline.py | F61: 23/11/2026 | G61: 29/11/2026 | H61: Chưa bắt đầu | J61: Claude viết pipeline đọc defenses.yaml và cắm cơ chế vào hook; ghi cấu hình vào trace. | K61: 2
A62: 56 | B62: ND4 | C62: Tuần 12 | D62: Unit test 4 cơ chế: mỗi cơ chế ≥5 ca (3 ca phải chặn + 2 ca KHÔNG được chặn nội dung lành tính) + test tích hợp bật toàn bộ chạy tác vụ chở lành tính | E62: tests/test_defenses.py | F62: 23/11/2026 | G62: 29/11/2026 | H62: Chưa bắt đầu | I62: Các ca 'không được chặn' là quan trọng nhất | J62: Claude viết unit test 4 cơ chế; nhấn mạnh các ca 'không được chặn' nội dung lành tính. | K62: 3
A63: 57 | B63: ND4 | C63: Tuần 12 | D63: Pipeline tấn công thích ứng: đưa mô tả cơ chế phòng thủ vào prompt model attacker, vòng lặp ≤3 lần dùng lý do bị chặn từ trace làm phản hồi | E63: src/attack/adaptive.py | F63: 23/11/2026 | G63: 29/11/2026 | H63: Chưa bắt đầu | I63: Trả lời phản biện 'kẻ tấn công thật biết anh lọc gì' | J63: Claude viết pipeline tấn công thích ứng dùng lý do bị chặn từ trace làm phản hồi. | K63: 4
A64: 58 | B64: ND4 | C64: Tuần 12 | D64: Dashboard 4 trang: bảng ASR có bộ lọc · biểu đồ đánh đổi Pareto (ảnh tĩnh xuất từ notebook) · trace viewer tô màu bước bị chặn và vị trí payload · công tắc bật/tắt D1–D4 trực tiếp | E64: dashboard/app.py + pages/ | F64: 23/11/2026 | G64: 29/11/2026 | H64: Chưa bắt đầu | I64: Trace viewer là công cụ thuyết phục hội đồng | J64: Claude dựng dashboard 4 trang (bảng ASR, Pareto, trace viewer, công tắc) đọc trực tiếp traces.db. | K64: 4
A65: 59 | B65: ND4 | C65: Tuần 12 | D65: Viết báo cáo: chương 3 phần Attack Engine và Defense Layer (hoàn tất chương 3) | E65: Chương 3 (xong) | F65: 23/11/2026 | G65: 29/11/2026 | H65: Chưa bắt đầu | I65: P1 | J65: Claude ráp các phần đã viết thành chương 3 hoàn chỉnh; TA đọc lại mạch lập luận. | K65: 6
A66: ND5 · Thử nghiệm và đánh giá — Tuần 13–15 (30/11/2026 → 20/12/2026)
A67: 60 | B67: ND5 | C67: Tuần 13 | D67: Chạy thử nghiệm mẫu 40 ca phủ 2 kênh × kỹ thuật × mục tiêu × tác vụ chở; mở tay 10 trace kiểm đủ trường, delivered đúng, phát hiện hợp lý | E67: results/raw/pilot/ + pilot_findings.md | F67: 30/11/2026 | G67: 06/12/2026 | H67: Chưa bắt đầu | J67: Claude sinh khung pilot 40 ca và bảng soát trace; TA mở tay 10 trace kiểm. | K67: 4
A68: 61 | B68: ND5 | C68: Tuần 13 | D68: HIỆU CHỈNH ĐỘ KHÓ MÔI TRƯỜNG (cổng bắt buộc): tính ASR thử nghiệm mẫu; ngoài khoảng 20–80% thì chỉnh, chỉ chỉnh núm có thật trong doanh nghiệp, ghi diff và ASR mỗi vòng, tối đa 3 vòng | E68: lab_calibration.md | F68: 30/11/2026 | G68: 06/12/2026 | H68: Chưa bắt đầu | I68: QUY TẮC CỨNG #5: không chạy full matrix nếu ASR chưa vào 20–80% | J68: CỔNG — Claude tính ASR và đề xuất núm chỉnh; TA quyết chỉnh gì, ghi diff mỗi vòng. | K68: 5
A69: 62 | B69: ND5 | C69: Tuần 13 | D69: Đo phương sai để quyết số lần lặp N: chạy 20 mẫu × 5 lần, đo tỉ lệ kết quả giống hệt | E69: variance_analysis.md | F69: 30/11/2026 | G69: 06/12/2026 | H69: Chưa bắt đầu | I69: Tránh đốt ngân sách lặp vô ích | J69: Claude viết script đo phương sai và tính N; TA đọc kết quả quyết số lần lặp. | K69: 3
A70: 63 | B70: ND5 | C70: Tuần 13 | D70: Sửa lỗi phát hiện từ thử nghiệm mẫu: parser tool-call có fallback, ghi parse_error riêng và loại khỏi mẫu ASR, xử lý timeout và rate-limit; chạy lại xác nhận sạch | E70: Bản vá + known_issues.md | F70: 30/11/2026 | G70: 06/12/2026 | H70: Chưa bắt đầu | J70: Claude phân tích trace lỗi và đề xuất bản vá parser; TA duyệt trước khi áp. | K70: 4
A71: 64 | B71: ND5 | C71: Tuần 13 | D71: Đo ASR nền model A1: chạy lô phòng thủ TẮT, kiểm chi phí API mỗi 2 giờ trong 4 giờ đầu, vượt 120% dự toán thì dừng ngay | E71: results/raw/baseline_A1/ | F71: 30/11/2026 | G71: 06/12/2026 | H71: Chưa bắt đầu | I71: A1 đơn giá cao — chỉ chạy tập con xác nhận | J71: Claude giám sát log chi phí và cảnh báo ngưỡng 120%; TA quyết dừng. Chạy A1 tập con. | K71: 3
A72: 65 | B72: ND5 | C72: Tuần 13 | D72: Đo ASR nền model A2 (lớp doanh nghiệp Việt): chạy full matrix phòng thủ TẮT | E72: results/raw/baseline_A2/ | F72: 30/11/2026 | G72: 06/12/2026 | H72: Chưa bắt đầu | J72: Claude điều phối chạy full matrix A2 và tổng hợp kết quả thô. | K72: 2
A73: 66 | B73: ND5 | C73: Tuần 13 | D73: Đo ASR nền model A3 (lớp rẻ, nhóm đối chiếu): chạy full matrix phòng thủ TẮT + 60 câu hữu dụng | E73: results/raw/baseline_A3/ | F73: 30/11/2026 | G73: 06/12/2026 | H73: Chưa bắt đầu | I73: Chênh ASR A1↔A3 là số liệu định lượng cho khác biệt lớp mô hình | J73: Claude điều phối chạy A3 và 60 câu hữu dụng; xuất chênh ASR A1↔A3. | K73: 2
A74: 67 | B74: ND5 | C74: Tuần 14 | D74: Hiện thực bộ chỉ số: ASR đầu-cuối và ASR có điều kiện theo nhóm tùy ý, khoảng tin cậy Wilson 95%, loại parse_error minh bạch, cột refusal_rate mỗi model, xuất CSV | E74: src/eval/metrics.py + results/tables/ | F74: 07/12/2026 | G74: 13/12/2026 | H74: Chưa bắt đầu | J74: Claude hiện thực hàm metrics (Wilson 95%, ASR có điều kiện, refusal_rate) và xuất CSV. | K74: 4
A75: 68 | B75: ND5 | C75: Tuần 14 | D75: Bảng và biểu đồ nền: 4 bảng ASR (kênh×kỹ thuật, model×kênh, mục tiêu×kỹ thuật, ngôn ngữ×tác vụ chở), heatmap, bar có thanh sai số, biểu đồ phân rã K1; PNG 300dpi | E75: notebooks/analysis.ipynb + figures/ | F75: 07/12/2026 | G75: 13/12/2026 | H75: Chưa bắt đầu | J75: Claude sinh notebook 4 bảng + heatmap + bar sai số + phân rã K1, PNG 300dpi. | K75: 4
A76: 69 | B76: ND5 | C76: Tuần 14 | D76: Đối chiếu bậc độ lớn với số liệu công bố của AgentDojo và MCPTox; không kỳ vọng tái lập, chỉ kiểm cùng bậc, lệch quá xa thì điều tra | E76: Mục trong analysis.ipynb | F76: 07/12/2026 | G76: 13/12/2026 | H76: Đã cắt | I76: Đưa thành một đoạn trong báo cáo ở STT 77 | J76: Đã cắt khỏi kế hoạch. | K76: 0
A77: 70 | B77: ND5 | C77: Tuần 14 | D77: Nháp trả lời RQ1 và RQ2: so K1 với K2 bằng cả 2 chỉ số; kỹ thuật mạnh nhất từng kênh có ổn định qua các lớp model không; kiểm định chi-square + Cramér's V | E77: draft_rq1_rq2.md | F77: 07/12/2026 | G77: 13/12/2026 | H77: Chưa bắt đầu | I77: CỔNG M4 | J77: Claude chạy chi-square + Cramér's V và nháp RQ1–RQ2; mọi khẳng định trỏ bảng/hình cụ thể. | K77: 5
A78: 71 | B78: ND5 | C78: Tuần 14 | D78: Chạy ma trận kẻ tấn công MÙ: 6 cấu hình phòng thủ (OFF/D1/D2/D3/D4/ALL) × 3 model, payload không biết gì về phòng thủ; hụt giờ thì giảm còn OFF/D3/ALL | E78: results/raw/defense_blind_*/ | F78: 07/12/2026 | G78: 13/12/2026 | H78: Chưa bắt đầu | I78: Giám sát chi phí như mọi lô. Cần giảm chi phí thì giảm N hoặc S_def ở M4, không giảm số cấu hình | J78: Claude điều phối ma trận 6 cấu hình × 3 model và giám sát chi phí. | K78: 3
A79: 72 | B79: ND5 | C79: Tuần 14 | D79: Chạy bench hữu dụng cho MỌI cấu hình phòng thủ: 60 câu lành tính × N lần trong cùng lệnh với lô tấn công; ghi USR/FRR/TCP/độ trễ/chi phí | E79: results/tables/utility_by_defense.csv | F79: 07/12/2026 | G79: 13/12/2026 | H79: Chưa bắt đầu | I79: KHÔNG BAO GIỜ CẮT: mỗi cấu hình phải có cả ASR và utility | J79: Claude bảo đảm mỗi cấu hình chạy kèm 60 câu hữu dụng trong cùng lệnh; ghi đủ chỉ số. | K79: 3
A80: 73 | B80: ND5 | C80: Tuần 15 | D80: Bảng đánh đổi an toàn – hữu dụng và đường Pareto: mỗi dòng 1 cấu hình (ASR 2 chỉ số/DSR/USR/FRR/TCP/độ trễ p95/chi phí); tán xạ X=1−ASR, Y=USR; phân rã FRR theo U1–U5 | E80: results/tables/tradeoff.csv + figures/pareto.png | F80: 14/12/2026 | G80: 20/12/2026 | H80: Chưa bắt đầu | I80: Pareto là hình quan trọng nhất của báo cáo | J80: Claude sinh bảng đánh đổi và biểu đồ Pareto; TA đọc để rút thông điệp chính. | K80: 4
A81: 74 | B81: ND5 | C81: Tuần 15 | D81: Nháp trả lời RQ3 và RQ4: bật toàn bộ có hơn cơ chế đơn lẻ tốt nhất không và hơn bao nhiêu (không khẳng định tính cộng tính), cái giá từng cơ chế, bảng chéo phòng thủ × kỹ thuật | E81: draft_rq3_rq4.md | F81: 14/12/2026 | G81: 20/12/2026 | H81: Chưa bắt đầu | I81: CỔNG M5 | J81: Claude nháp RQ3–RQ4 kèm bảng chéo; TA giữ mức khẳng định thận trọng (không cộng tính). | K81: 5
A82: 75 | B82: ND5 | C82: Tuần 15 | D82: Chạy tấn công thích ứng: 20 biến thể mỗi cặp kỹ thuật × cơ chế, nhãn attacker_mode=adaptive; tính ARR = DSR(adaptive)/DSR(blind) từng cơ chế | E82: results/raw/defense_adaptive_*/ + arr.csv | F82: 14/12/2026 | G82: 20/12/2026 | H82: Chưa bắt đầu | I82: ARR thấp là PHÁT HIỆN, không phải thất bại | J82: Claude điều phối tấn công thích ứng 20 biến thể/cặp và tính ARR. | K82: 4
A83: 76 | B83: ND5 | C83: Tuần 15 | D83: Cập nhật Pareto 2 bộ điểm (mù + thích ứng) và nháp trả lời RQ5: phòng thủ còn hiệu quả bao nhiêu khi kẻ tấn công biết trước cơ chế | E83: draft_rq5.md + figures/pareto_2sets.png | F83: 14/12/2026 | G83: 20/12/2026 | H83: Chưa bắt đầu | I83: Khoảng cách giữa 2 bộ điểm là thông điệp chính | J83: Claude cập nhật Pareto 2 bộ điểm và nháp RQ5; TA diễn giải khoảng cách 2 bộ điểm. | K83: 3
A84: 77 | B84: ND5 | C84: Tuần 15 | D84: Viết báo cáo: chương 4 phần thiết lập thực nghiệm và kết quả nền (bảng biến, cỡ mẫu, quy trình hiệu chỉnh, RQ1–RQ5) | E84: Nháp chương 4 | F84: 14/12/2026 | G84: 20/12/2026 | H84: Chưa bắt đầu | I84: P1 | J84: Claude ráp chương 4 phần thiết lập và kết quả nền; TA đọc lại số liệu. | K84: 6
A85: ND6 · Triển khai thực tế; đánh giá, phản hồi người dùng — Tuần 16–17 (21/12/2026 → 08/01/2027)
A86: 78 | B86: ND6 | C86: Tuần 16 | D86: Lập bảng đối chiếu D1–D4 với các lớp kiểm soát có sẵn của hai harness thương mại: HN-CC (Claude Code) và HN-OW (OpenWork, lõi opencode) — xin phép trước khi gọi tool / allowlist / sandbox / giới hạn miền | E86: docs/harness_comparison.md | F86: 21/12/2026 | G86: 27/12/2026 | H86: Chưa bắt đầu | I86: KHÔNG BAO GIỜ CẮT — cần cho mọi phương án | J86: Claude lập bảng đối chiếu D1–D4 với lớp kiểm soát của từng harness; TA xác nhận cái nào harness đã có. | K86: 4
A87: 79 | B87: ND6 | C87: Tuần 16 | D87: Cắm hai harness HN-CC và HN-OW vào MCP server của lab; chốt cấu hình quyền (allowlist theo allowed_tools của tác vụ chở); chạy thử theo điều kiện đạt; PIN phiên bản (Claude Code; OpenWork và opencode) và ghi vào trace | E87: Cấu hình + mã tích hợp 2 harness + log chạy thử | F87: 21/12/2026 | G87: 27/12/2026 | H87: Chưa bắt đầu | I87: QUY TẮC CỨNG #9: phiên bản harness phải pin và ghi vào trace | J87: Claude viết mã tích hợp hai harness và pin phiên bản vào trace; TA chạy thử theo điều kiện đạt. | K87: 10
A88: 80 | B88: ND6 | C88: Tuần 16 | D88: Chạy 50 mẫu mỗi nhánh, phòng thủ TẮT: HN-OW trên A1, A2, A3; HN-CC trên A1 và (có điều kiện) A2, A3; mọi nhánh của cùng một model chạy trong cùng một lô; so ASR với vòng lặp agent tự viết | E88: results/raw/harness_*/ | F88: 21/12/2026 | G88: 27/12/2026 | H88: Chưa bắt đầu | I88: Đo mức bảo vệ sẵn có của harness thương mại. HN-CC trên A2, A3 không đạt điều kiện thì bỏ, không cần ký lại | J88: Claude điều phối chạy 2 harness × 3 model và so ASR với vòng lặp tự viết trong cùng model. | K88: 7
A89: 81 | B89: ND6 | C89: Tuần 16 | D89: Phân tích RQ6: (6a) mỗi harness giảm ASR bao nhiêu so với vòng lặp trần trên cùng model; (6b) hai harness khác nhau bao nhiêu trong cùng model; (6c) lớp kiểm soát nào của harness ứng với D1–D4. Khai rõ giới hạn: 2 harness, 50 mẫu, phòng thủ tắt | E89: draft_rq6.md + mục threats to validity | F89: 21/12/2026 | G89: 27/12/2026 | H89: Chưa bắt đầu | I89: QUY TẮC CỨNG #8: không ghi 'model từ chối' thành 'phòng thủ chặn' | J89: Claude nháp RQ6 và mục threats to validity; giữ blocked_by phân định đúng (quy tắc #8). | K89: 5
A90: 82 | B90: ND6 | C90: Tuần 16 | D90: Xây kịch bản trình diễn trên hồ sơ nghiệp vụ mô phỏng (dữ liệu Faker) của một công ty phân phối thiết bị: tạo file demo (PDF báo giá 3 trang có payload ẩn), chọn payload mà D1+D2 không chặn, chỉ D3/D4 chặn | E90: demo/ + file demo | F90: 21/12/2026 | G90: 27/12/2026 | H90: Chưa bắt đầu | I90: Kiểm 3 điều kiện: mắt không thấy, pdftotext đọc được, lọt top-5 truy hồi | J90: Claude tạo file demo và chọn payload theo tiêu chí demo; TA kiểm 3 điều kiện. | K90: 4
A91: 83 | B91: ND6 | C91: Tuần 16 | D91: Viết tài liệu hướng dẫn cài đặt và sử dụng; đóng gói để người khác cài lại được bằng MỘT lệnh (docker compose up), test trên máy sạch | E91: README + docs/huong_dan_su_dung.md | F91: 21/12/2026 | G91: 27/12/2026 | H91: Chưa bắt đầu | I91: Người khác clone về chạy được, không phải hỏi thêm | J91: Claude viết tài liệu hướng dẫn cài đặt và cấu hình docker-compose một lệnh; test máy sạch. | K91: 5
A92: 84 | B92: ND6 | C92: Tuần 16 | D92: Kịch bản demo và diễn tập: lời thoại 7 bước bấm giờ từng bước, phương án dự phòng, chạy như thật ≤90 giây, quay video HD phụ đề tiếng Việt lưu 2 nơi | E92: docs/demo_script.md + demo/demo_backup.mp4 | F92: 21/12/2026 | G92: 27/12/2026 | H92: Chưa bắt đầu | I92: CỔNG M7: 2 lần liên tiếp ≤90s không lỗi | J92: Claude soạn kịch bản demo 7 bước bấm giờ và phương án dự phòng từng bước. | K92: 5
A93: 85 | B93: ND6 | C93: Tuần 17 | D93: Tổ chức đánh giá với người dùng thực: 3–5 người (đồng nghiệp làm an toàn thông tin / vận hành trợ lý AI / GVHD) dùng thử dashboard và demo theo kịch bản có sẵn | E93: Biên bản buổi thử + bản ghi | F93: 28/12/2026 | G93: 08/01/2027 | H93: Chưa bắt đầu | I93: NỘI DUNG BẮT BUỘC với ĐATN kỹ sư | J93: Claude soạn kịch bản buổi thử người dùng và checklist quan sát; TA điều phối buổi thử. | K93: 4
A94: 86 | B94: ND6 | C94: Tuần 17 | D94: Phiếu khảo sát và phỏng vấn ngắn: mức hữu ích của bộ chỉ số, tính dễ hiểu của trace viewer, cấu hình phòng thủ họ sẽ thực sự bật, thang Likert + câu hỏi mở | E94: docs/phieu_khao_sat.md + kết quả thô | F94: 28/12/2026 | G94: 08/01/2027 | H94: Chưa bắt đầu | I94: Không thu thập thông tin định danh người tham gia | J94: Claude soạn phiếu khảo sát (Likert + câu hỏi mở); nhắc không thu thập thông tin định danh. | K94: 3
A95: 87 | B95: ND6 | C95: Tuần 17 | D95: Tổng hợp và phân tích phản hồi người dùng; rút ra hạn chế của công cụ từ góc nhìn người dùng và đề xuất hướng phát triển tiếp theo | E95: docs/phan_hoi_nguoi_dung.md + mục trong chương 5 | F95: 28/12/2026 | G95: 08/01/2027 | H95: Chưa bắt đầu | J95: Claude tổng hợp và mã hóa phản hồi thành chủ đề; TA rút hạn chế và hướng phát triển. | K95: 4
A96: 88 | B96: ND6 | C96: Tuần 17 | D96: Ráp chương 1–4 hoàn chỉnh; bổ sung hình kiến trúc, taxonomy, luồng canary; chương 4 gồm thiết lập thực nghiệm, kết quả nền RQ1–RQ2, phòng thủ và đánh đổi RQ3–RQ4, thích ứng RQ5, harness RQ6; mọi bảng, hình được nhắc trong thân bài; mọi khẳng định về công trình khác có trích dẫn kiểm tra được | E96: Chương 1, 2, 3, 4 | F96: 28/12/2026 | G96: 08/01/2027 | H96: Chưa bắt đầu | J96: Claude ráp chương 1–3 hoàn chỉnh, kiểm tính nhất quán thuật ngữ và ký hiệu xuyên suốt. | K96: 6
A97: 89 | B97: ND6 | C97: Tuần 17 | D97: Ráp chương 4: thiết lập thực nghiệm, kết quả nền RQ1–RQ2, phòng thủ và đánh đổi RQ3–RQ4, thích ứng RQ5, harness RQ6; mọi bảng và hình đều được nhắc trong thân bài | E97: Chương 4 | F97: 28/12/2026 | G97: 08/01/2027 | H97: Đã cắt | I97: Gộp vào STT 88 | J97: Đã cắt khỏi kế hoạch. | K97: 0
A98: 90 | B98: ND6 | C98: Tuần 17 | D98: Chương 5 thảo luận và kết luận: vì sao K2 nguy hiểm hơn, vì sao không cơ chế nào chặn hết, ý nghĩa ARR thấp; HẠN CHẾ trung thực; phản hồi người dùng; hướng phát triển | E98: Chương 5 | F98: 28/12/2026 | G98: 08/01/2027 | H98: Chưa bắt đầu | I98: Phần hạn chế không né tránh | J98: Claude nháp chương 5 thảo luận và kết luận; TA viết phần hạn chế bằng giọng trung thực của mình. | K98: 6
A99: 91 | B99: ND6 | C99: Tuần 17 | D99: Mục đạo đức và danh mục tài liệu tham khảo: chỉ tấn công hệ tự dựng cô lập, dữ liệu Faker, MCPTox chỉ mô phỏng; xuất Zotero, kiểm lại từng trích dẫn từ nguồn gốc | E99: Mục đạo đức + danh mục TLTK | F99: 28/12/2026 | G99: 08/01/2027 | H99: Chưa bắt đầu | I99: 100% trích dẫn kiểm lại — không tin trí nhớ | J99: Claude soạn mục đạo đức và xuất danh mục TLTK từ Zotero; TA kiểm lại 100% trích dẫn. | K99: 3
A100: 92 | B100: ND6 | C100: Tuần 17 | D100: Dọn repo để công bố: README, xóa mọi khóa API và quét gitleaks, LICENSE + CITATION.cff, test lại trên máy sạch | E100: Repo công bố được | F100: 28/12/2026 | G100: 08/01/2027 | H100: Chưa bắt đầu | J100: Claude quét khóa API (gitleaks), soạn README/LICENSE/CITATION; TA test lại trên máy sạch. | K100: 3
...

Sheet Tổng quan mốc
A1: Mốc | B1: Trạng thái | C1: Tiêu chí nghiệm thu | D1: Xử lý khi TRƯỢT | E1: Nội dung (phiếu) | F1: Hạn
A2: M0 | B2: Xong | C2: Chốt bài toán · fit_gap có bằng chứng chạy thật · threat model 2 mức · persona · checklist ký | D2: — | E2: ND1 · Tuần 3 | F2: 27/09/2026
A3: M1 | B3: Xong | C3: Bộ đo khóa v-bench-1.0 (60 câu + 6 tác vụ chở + trace schema) | D3: — | E3: ND3 · Tuần 6 | F3: 18/10/2026
A4: M1b | B4: Chưa bắt đầu | C4: Bộ model chốt + v-models-1.0 · cost_budget hết TODO · hạn mức đã đặt · phụ lục GVHD ký | D4: Chưa ký → chạy theo phạm vi và bộ model cũ, không tự đổi model | E4: ND2 · Tuần 5 | F4: 11/10/2026
A5: M2 | B5: Chưa bắt đầu | C5: Agent E2E + trace đủ · scorer 8/8 · trace phân biệt blocked_by · USR nền 3 model | D5: Không 8/8 → KHÔNG sang Bước 5 | E5: ND4 · Tuần 10 | F5: 15/11/2026
A6: M3 | B6: Chưa bắt đầu | C6: ≥300 mẫu truy được nguồn gốc · 2 kênh có nhãn delivered · mutator có activation_check | D6: Chỉ 1 kênh → đi tiếp với kênh đó, ghi hạn chế | E6: ND4 · Tuần 11 | F6: 22/11/2026
A7: M3b | B7: Chưa bắt đầu | C7: ≥2/3 kỹ thuật mới (T6–T8) chạy được + activation_check · v-attack-1.0 | D7: Chỉ xong T8 vẫn đi tiếp — đủ để có đóng góp mới | E7: ND4 · Tuần 12 | F7: 29/11/2026
A8: M4 | B8: Chưa bắt đầu | C8: ASR pilot 20–80% (hoặc đã áp §7) · bảng ASR 2 chỉ số 3 model · refusal_rate · RQ1,RQ2 | D8: Kích hoạt cắt giảm §6 NGAY trong ngày | E8: ND5 · Tuần 14 | F8: 13/12/2026
A9: M5 | B9: Chưa bắt đầu | C9: D1–D4 có unit test · ≥6 cấu hình × 3 model mỗi cái CÓ CẢ ASR+utility · Pareto · RQ3,RQ4 | D9: Thiếu utility KHÔNG chấp nhận — cắt cấu hình giữ yêu cầu 2 số | E9: ND5 · Tuần 15 | F9: 20/12/2026
A10: M6 | B10: Chưa bắt đầu | C10: Bảng đối chiếu D1–D4 ↔ 2 harness · ASR từng harness vs vòng lặp trần cùng model (RQ6a, 6b) · ánh xạ lớp kiểm soát (6c) · threats to validity | D10: HN-CC trên A2, A3 không đạt điều kiện → bỏ, không cần ký lại. HN-CC trên A1 hoặc HN-OW không đạt → khai rõ lý do, ký lại hạng mục harness | E10: ND6 · Tuần 16 | F10: 27/12/2026
A11: M7 | B11: Chưa bắt đầu | C11: ARR ≥2 cơ chế · Pareto 2 bộ điểm · dashboard · demo ≤90s ≥5 lần không lỗi + video | D11: Demo lỗi lần 5 → dùng video | E11: ND6 · Tuần 16 | F11: 27/12/2026
A12: M8 | B12: Chưa bắt đầu | C12: Báo cáo 5 chương · repo chạy máy sạch · slide 15–18 · 15 câu phản biện | D12: Còn nguyên tuần 16 = chạy đúng | E12: ND6 · Tuần 17 | F12: 08/01/2027

Sheet Khối lượng giờ
A1: Nội dung | B1: Tuần | C1: Số tuần | D1: Sức chứa (giờ) | E1: Khối lượng ước tính (giờ) | F1: Chênh (giờ) | G1: Số đầu việc
A2: ND1 | B2: Tuần 1–3 | C2: 3 | D2: =C2*$B$11 | E2: =SUMIF('Kế hoạch chi tiết'!$B:$B,A2,'Kế hoạch chi tiết'!$K:$K) | F2: =D2-E2 | G2: =COUNTIFS('Kế hoạch chi tiết'!$B:$B,A2,'Kế hoạch chi tiết'!$H:$H,"<>Đã cắt")
A3: ND2 | B3: Tuần 4–5 | C3: 2 | D3: =C3*$B$11 | E3: =SUMIF('Kế hoạch chi tiết'!$B:$B,A3,'Kế hoạch chi tiết'!$K:$K) | F3: =D3-E3 | G3: =COUNTIFS('Kế hoạch chi tiết'!$B:$B,A3,'Kế hoạch chi tiết'!$H:$H,"<>Đã cắt")
A4: ND3 | B4: Tuần 6–8 | C4: 3 | D4: =C4*$B$11 | E4: =SUMIF('Kế hoạch chi tiết'!$B:$B,A4,'Kế hoạch chi tiết'!$K:$K) | F4: =D4-E4 | G4: =COUNTIFS('Kế hoạch chi tiết'!$B:$B,A4,'Kế hoạch chi tiết'!$H:$H,"<>Đã cắt")
A5: ND4 | B5: Tuần 9–12 | C5: 4 | D5: =C5*$B$11 | E5: =SUMIF('Kế hoạch chi tiết'!$B:$B,A5,'Kế hoạch chi tiết'!$K:$K) | F5: =D5-E5 | G5: =COUNTIFS('Kế hoạch chi tiết'!$B:$B,A5,'Kế hoạch chi tiết'!$H:$H,"<>Đã cắt")
A6: ND5 | B6: Tuần 13–15 | C6: 3 | D6: =C6*$B$11 | E6: =SUMIF('Kế hoạch chi tiết'!$B:$B,A6,'Kế hoạch chi tiết'!$K:$K) | F6: =D6-E6 | G6: =COUNTIFS('Kế hoạch chi tiết'!$B:$B,A6,'Kế hoạch chi tiết'!$H:$H,"<>Đã cắt")
A7: ND6 | B7: Tuần 16–17 | C7: 2 | D7: =C7*$B$11 | E7: =SUMIF('Kế hoạch chi tiết'!$B:$B,A7,'Kế hoạch chi tiết'!$K:$K) | F7: =D7-E7 | G7: =COUNTIFS('Kế hoạch chi tiết'!$B:$B,A7,'Kế hoạch chi tiết'!$H:$H,"<>Đã cắt")
A8: Tổng | C8: =SUM(C2:C7) | D8: =SUM(D2:D7) | E8: =SUM(E2:E7) | F8: =SUM(F2:F7) | G8: =SUM(G2:G7)
A10: Tham số
A11: Giờ làm việc mỗi tuần | B11: 20
A13: Ghi chú
A14: Giờ ước tính ở cột K của sheet "Kế hoạch chi tiết", đã tính có Claude hỗ trợ viết mã và nháp; TA rà lại theo thực tế. Chênh âm = vượt sức chứa của Nội dung đó.

Sheet Báo cáo 2 tuần
A1: BÁO CÁO CÔNG VIỆC THỰC HIỆN
A2: Người báo cáo: Kiều Thành Anh
A3: Kỳ báo cáo (2 tuần qua): | B3: 46272 | C3: đến | D3: 46285
A4: Kỳ kế hoạch (2 tuần tới): | B4: 46286 | C4: đến | D4: 46299
A6: I. CÔNG VIỆC ĐÃ THỰC HIỆN
A7: STT | B7: Đầu việc | C7: Đầu ra / Kết quả | D7: Bắt đầu | E7: Deadline | F7: % hoàn thành | G7: Trạng thái | H7: Vướng mắc / Ghi chú
A8: 1 | B8: Viết chi tiết mô tải bài toán
A9: 2 | B9: Vẽ sơ đồ
A10: 3
A11: 4
A12: 5
A14: II. KẾ HOẠCH CÔNG VIỆC
A15: STT | B15: Đầu việc | C15: Đầu ra dự kiến | D15: Bắt đầu | E15: Deadline | F15: Ưu tiên | G15: Người phụ trách | H15: Điều kiện cần / Rủi ro
A16: 1
A17: 2
A18: 3
A19: 4
A20: 5
A22: III. VƯỚNG MẮC & ĐỀ XUẤT
A23: STT | B23: Vấn đề / Rủi ro | C23: Ảnh hưởng | D23: Đề xuất / Hướng xử lý | G23: Cần hỗ trợ từ | H23: Hạn xử lý
A24: 1
A25: 2
A26: 3
